state,city,transactions amount,Fraud count,Fraud amount
AK,Huslia,36441.87,9,4580.1
AK,Kaktovik,7807.280000000001,12,7807.280000000001
AK,Wales,100373.9,15,6191.29
AL,Bay Minette,105218.38,0,0.0
AL,Bessemer,177737.56,0,0.0
AL,Birmingham,149622.25,11,5944.61
AL,Brantley,73771.98,12,8154.66
AL,Cleveland,127738.45,7,3405.3
AL,Dadeville,43472.38,12,8892.06
AL,Eldridge,94741.49,13,6000.89
AL,Fairhope,41810.7,11,7571.37
AL,Gadsden,199447.22,8,3217.94
AL,Grand Bay,67606.28,9,6389.5599999999995
AL,Grant,121114.19,9,3833.09
AL,Hartford,34828.42,0,0.0
AL,Huntsville,229491.59,29,15142.79
AL,Jones,165741.18,7,3452.85
AL,Mobile,236038.18,14,5043.71
AL,Montgomery,66377.33,7,3403.98
AL,Mount Hope,126554.37,5,1859.18
AL,Paint Rock,92780.5,6,2371.91
AL,Phenix City,170757.85,2,25.4
AL,Phil Campbell,72749.28,12,9061.41
AL,Plantersville,109341.19,15,5121.1900000000005
AL,Ragland,31188.93,12,8728.23
AL,Sardis,33310.58,14,4976.86
AL,Woodville,111276.82,0,0.0
AR,Ash Flat,116509.3,9,6458.6
AR,Bauxite,273162.27,8,883.71
AR,Cherokee Village,142540.64,15,5868.64
AR,Cord,113633.02,0,0.0
AR,De Queen,33773.59,9,3826.16
AR,De Witt,284013.5,14,5773.61
AR,Enola,132522.65,10,4061.0299999999997
AR,Gregory,69602.28,9,5728.87
AR,Haynes,73531.44,10,5995.47
AR,Lepanto,34158.34,10,4646.76
AR,Norman,206076.75,13,7042.23
AR,Pea Ridge,35451.83,0,0.0
AR,Roland,7066.92,11,7066.92
AR,Smackover,82347.89,0,0.0
AR,Texarkana,90024.42,9,3064.81
AR,Thida,214442.24,8,7108.58
AR,Viola,83004.06,0,0.0
AR,Walnut Ridge,269099.47,16,8243.35
AR,Winslow,81508.22,10,5371.07
AZ,Humboldt,32916.13,10,5159.23
AZ,Mesa,4817.48,9,4817.48
AZ,Paradise Valley,62961.83,0,0.0
AZ,Parks,68894.66,9,5359.0599999999995
AZ,Phoenix,358727.38,2,344.74
AZ,Superior,280008.05,7,2653.11
CA,Angwin,8339.69,10,8339.69
CA,Azusa,43100.12,0,0.0
CA,Blairsden-Graeagle,63105.0,9,1959.6599999999999
CA,Buellton,2444.53,8,2444.53
CA,Carlotta,120327.36,0,0.0
CA,Claremont,38739.48,9,5347.5599999999995
CA,Corona,69491.11,11,4208.49
CA,Daly City,140163.86,11,5107.95
CA,Downey,5858.01,10,5858.01
CA,Fiddletown,197280.23,11,7518.44
CA,Fields Landing,101271.79,12,5743.450000000001
CA,Glendale,172494.97,11,5342.77
CA,Greenview,105725.56,7,3869.65
CA,Grenada,115147.81,13,9581.1
CA,Hawthorne,110189.51,8,4854.1
CA,Helm,188061.88,8,2437.87
CA,Huntington Beach,47986.52,10,3318.91
CA,Indian Wells,101709.45,12,5471.34
CA,June Lake,98406.27,6,3265.6
CA,Laguna Hills,121787.87,11,8137.45
CA,Lakeport,169340.86000000002,0,0.0
CA,Los Angeles,42477.19,9,5741.7
CA,Mountain Center,58222.95,0,0.0
CA,Napa,187586.22,6,1869.4499999999998
CA,Newhall,272468.9,3,1265.48
CA,Norwalk,152881.76,7,3688.25
CA,Oakland,94982.03,9,6101.389999999999
CA,Palmdale,33376.17,0,0.0
CA,Parker Dam,49441.2,10,5145.52
CA,Port Costa,119780.02,5,2332.33
CA,Sacramento,131799.07,16,8282.04
CA,San Diego,182815.79,18,9690.25
CA,San Jose,120058.49,18,9118.38
CA,Santa Monica,107049.69,0,0.0
CA,Smith River,61957.73,7,3780.6
CA,Sun City,272866.42,4,882.6700000000001
CA,Tomales,124130.38,10,6695.120000000001
CA,Vacaville,2494.25,7,2494.25
CA,Vinton,68795.25,10,6044.16
CA,Wendel,33923.12,10,5005.76
CO,Arvada,30087.68,9,4277.87
CO,Aurora,44578.32,23,12298.8
CO,Broomfield,32840.17,7,3977.67
CO,Colorado Springs,141472.22,8,2276.61
CO,Dumont,145758.51,8,2557.91
CO,Iliff,64490.73,7,3201.67
CO,Kirk,69216.93,12,6829.04
CO,Littleton,278325.97,0,0.0
CO,Meredith,132577.1,14,7726.9
CO,Parker,36392.75,7,4795.65
CO,Pueblo,59589.16,10,6864.51
CO,Red Cliff,54841.77,8,4495.3
CT,East Canaan,184162.8,0,0.0
CT,Higganum,76452.88,11,7477.66
CT,Marion,71884.75,5,3310.7400000000002
CT,Plymouth,118120.78,0,0.0
CT,Preston,47702.77,0,0.0
DC,Washington,277115.46,21,9639.36
DE,Georgetown,4630.4400000000005,9,4630.4400000000005
FL,Bonita Springs,40982.45,0,0.0
FL,Brandon,139917.05,8,2954.63
FL,Cape Coral,65173.73,9,4815.73
FL,Clearwater,55335.07,24,9571.66
FL,Deltona,90164.46,0,0.0
FL,Fort Myers,222480.84,12,5092.86
FL,Grand Ridge,66347.32,10,7591.67
FL,Haines City,68523.16,10,4443.01
FL,Hampton,50040.01,8,3094.4900000000002
FL,Jay,41474.15,0,0.0
FL,Key West,145889.36,11,7008.65
FL,Lakeland,308430.07,21,13211.61
FL,Lanark Village,162263.25,8,3519.21
FL,Loxahatchee,130820.25,6,2924.9
FL,Melbourne,73609.54,7,4110.8
FL,Naples,265480.69,29,17220.43
FL,Orange Park,6807.75,10,6807.75
FL,Port Charlotte,66847.29,10,6282.0
FL,Port Richey,69330.82,12,6465.86
FL,Port Saint Lucie,40000.86,9,3516.91
FL,Saint James City,99595.92,12,8865.210000000001
FL,Saint Petersburg,118935.62,8,4596.15
FL,Sebring,273723.12,14,6450.28
FL,Tampa,65695.78,8,5362.37
FL,Titusville,88351.49,0,0.0
FL,Umatilla,98023.1,14,5274.45
FL,Vero Beach,134581.52,3,2197.1
FL,Wauchula,51155.92,0,0.0
FL,West Palm Beach,115211.04,18,9535.3
GA,Allentown,29003.12,0,0.0
GA,Alpharetta,128123.15,13,6063.58
GA,Avera,97906.83,8,5117.93
GA,Brinson,63007.03,0,0.0
GA,Cuthbert,67254.11,8,4942.1900000000005
GA,Darien,97053.98,0,0.0
GA,Du Pont,53958.96,13,7247.200000000001
GA,Girard,37455.69,15,5298.37
GA,Hahira,80830.38,16,10231.39
GA,Irwinton,146262.88,8,3139.35
GA,Juliette,136179.22,5,629.3000000000001
GA,Kings Bay,33794.5,5,2884.45
GA,Milner,70910.23,8,6317.91
GA,Norman Park,93405.46,11,7670.53
GA,Sea Island,31284.53,11,5152.54
GA,Springfield,62974.69,0,0.0
GA,Surrency,125164.73,0,0.0
GA,Valdosta,122144.42,0,0.0
GA,Varnell,91220.28,0,0.0
GA,Vienna,35719.01,12,3954.37
GA,West Green,103070.55,13,9006.25
GA,Whigham,114334.38,0,0.0
HI,Honokaa,64381.29,0,0.0
HI,Paauilo,86603.74,7,3926.79
IA,Alton,71643.54,0,0.0
IA,Avoca,117961.01,12,5230.63
IA,Battle Creek,143866.0,11,5734.32
IA,Belmond,105606.76,8,3714.04
IA,Birmingham,183914.73,0,0.0
IA,Clarinda,120462.62,10,4782.13
IA,Clutier,27785.86,0,0.0
IA,Curlew,35815.45,6,3645.87
IA,Des Moines,94802.58,11,5314.110000000001
IA,Early,29987.19,4,1782.08
IA,Elkhart,146957.65,10,3837.13
IA,Hedrick,72201.37,8,5230.7
IA,Lohrville,138003.86,0,0.0
IA,Moscow,33980.38,16,8483.78
IA,Moulton,102336.76,10,5410.200000000001
IA,Ollie,95744.47,8,5095.32
IA,Oran,64295.17,9,3057.7599999999998
IA,Princeton,86401.14,0,0.0
IA,Rockwell,33607.73,7,3274.8500000000004
IA,Webster City,35608.12,12,5412.14
IA,Whittemore,29106.9,0,0.0
ID,Malad City,33132.63,0,0.0
ID,Meridian,215804.74,0,0.0
ID,Mesa,126847.04,11,6893.94
ID,Spirit Lake,29366.85,0,0.0
IL,Bonfield,97715.64,14,8585.69
IL,Cisco,124194.62,0,0.0
IL,Dieterich,98738.37,14,6822.16
IL,Dongola,67864.68,10,6359.78
IL,Eagarville,67262.78,14,8898.49
IL,Eureka,90077.56999999999,0,0.0
IL,Galatia,35513.8,9,4434.95
IL,Goreville,68061.34,0,0.0
IL,Joliet,138291.22,9,3807.98
IL,Loami,30019.51,9,1684.08
IL,Logan,122017.83,9,2807.71
IL,Lomax,164394.46,0,0.0
IL,Mc Nabb,139690.45,8,6452.5199999999995
IL,Moro,84626.83,14,4947.34
IL,Mulberry Grove,147286.44,15,5470.84
IL,Murrayville,177365.62,10,6546.8
IL,New Boston,197492.15,0,0.0
IL,New Memphis,41256.8,14,9445.7
IL,Nokomis,46920.5,6,3315.24
IL,Oakford,38040.13,4,3514.11
IL,Olmsted,94721.85,8,3407.92
IL,Payson,103198.39,12,5530.39
IL,Pembroke Township,209256.44,5,2663.99
IL,Putnam,37977.74,5,1918.7800000000002
IL,Ringwood,100714.34,10,6572.77
IL,Rossville,32589.25,0,0.0
IL,Schaumburg,65327.34,0,0.0
IL,Smithfield,56480.77,9,4862.55
IL,Streator,3203.73,7,3203.73
IL,Tamaroa,61010.45,9,3393.4
IL,Tower Hill,140027.33,0,0.0
IL,West Frankfort,6751.8099999999995,13,6751.8099999999995
IL,Wilmette,123801.12,11,7043.26
IN,Andrews,118007.7,0,0.0
IN,Bristow,108082.54,14,7379.27
IN,Carlisle,66555.1,9,5268.3099999999995
IN,Central,58114.9,0,0.0
IN,Churubusco,59201.94,0,0.0
IN,Claypool,5671.95,7,5671.95
IN,Clinton,8131.43,12,8131.43
IN,Greenwood,69151.67,11,7098.71
IN,Harrodsburg,131315.6,8,7074.0
IN,Highland,83358.48,0,0.0
IN,Indianapolis,343176.69,17,11002.39
IN,Kingsford Heights,230041.75,10,6257.0
IN,Leo,115840.27,7,4585.82
IN,Liberty Mills,36423.63,9,5723.75
IN,Moores Hill,35213.91,0,0.0
IN,New Goshen,34744.95,9,4273.05
IN,Noblesville,6867.84,8,6867.84
IN,North Judson,103644.68,9,5294.41
IN,Oolitic,124572.35,0,0.0
IN,Prairie Creek,36121.2,12,5384.49
IN,Veedersburg,73400.12,0,0.0
IN,Williams,48451.08,0,0.0
KS,Burrton,66229.55,0,0.0
KS,De Soto,260008.37,5,1634.48
KS,Dexter,37041.66,8,4229.81
KS,Dresden,26992.04,0,0.0
KS,Easton,103573.23,10,4120.67
KS,Esbon,150208.49,13,6683.1
KS,Garfield,52621.13,9,6986.41
KS,Grenola,6271.37,9,6271.37
KS,Holcomb,185726.19,16,2955.15
KS,Hudson,70914.95,13,7885.81
KS,Mc Cracken,96649.63,14,6935.32
KS,Ozawkie,106249.57,9,6177.5
KS,Topeka,158450.46,27,12976.29
KS,Utica,116082.04,5,2746.79
KS,Wichita,156887.83,18,8113.2
KY,Ashland,6149.41,10,6149.41
KY,Big Creek,151215.59,13,7399.56
KY,Cadiz,100073.92,0,0.0
KY,Cranks,89170.54,6,3087.82
KY,Cromona,126792.35,8,5146.22
KY,Deane,108067.99,18,8960.29
KY,Dubre,61689.8,12,5476.22
KY,Elizabethtown,88521.18,0,0.0
KY,Hazel,53668.33,10,5370.34
KY,Irvine,36203.1,7,3604.49
KY,Louisville,142716.95,11,6843.93
KY,Mallie,118791.07,7,3297.7200000000003
KY,Maysville,84424.76,0,0.0
KY,Parkers Lake,65550.62,10,6872.97
KY,Pewee Valley,70389.31,0,0.0
KY,River,91524.03,0,0.0
KY,Rochester,26266.93,4,1659.9299999999998
KY,Saint Francis,41043.7,14,8414.67
KY,Smiths Grove,120945.28,0,0.0
KY,Stephensport,94584.21,10,6430.92
KY,Westport,209016.52,15,6022.12
LA,Baton Rouge,277085.65,0,0.0
LA,Delhi,101588.79,8,3242.8900000000003
LA,Denham Springs,142452.97,2,20.439999999999998
LA,Egan,197587.1,9,3908.81
LA,Fordoche,123886.06,5,4349.9
LA,Gretna,91041.98,7,5128.99
LA,Kenner,111812.94,20,9853.69
LA,Madisonville,7229.89,11,7229.89
LA,Metairie,74212.91,9,5568.57
LA,Saint Amant,224708.15,0,0.0
LA,Spearsville,63010.83,4,1751.4099999999999
LA,Tickfaw,67748.76,9,4696.62
LA,West Monroe,89137.3,7,3170.84
MA,Ashfield,64385.27,9,4860.93
MA,Barnstable,133069.28,10,7511.28
MA,Lawrence,181682.84,12,8087.24
MA,Methuen,110269.24,9,4646.24
MA,North Brookfield,34778.45,9,6065.78
MA,Paxton,39271.48,9,5637.13
MA,Sheffield,106041.46,0,0.0
MA,Shrewsbury,54942.32,0,0.0
MA,Stoneham,39143.85,11,6905.2
MD,Annapolis,31759.77,0,0.0
MD,Cecilton,97748.5,15,8327.99
MD,Chester,66167.3,10,4856.049999999999
MD,Corriganville,132139.85,14,4682.67
MD,Gaithersburg,48947.1,12,4850.51
MD,Great Mills,88388.26,0,0.0
MD,Hancock,163202.61,0,0.0
MD,Harwood,72668.28,0,0.0
MD,Kensington,155348.79,12,6848.1
MD,Kingsville,37317.28,8,3353.1400000000003
MD,Linthicum Heights,40581.05,0,0.0
MD,Manchester,105370.03,10,4097.83
MD,Pikesville,72286.06999999999,9,6259.01
MD,Queen Anne,9097.310000000001,13,9097.310000000001
MD,Queenstown,66859.39,12,5991.51
MD,Scotland,156237.03,10,1900.83
MD,Tuscarora,53710.98,8,5183.72
MD,Tyaskin,120455.39,13,7620.02
MD,Whaleyville,181391.83,11,5164.19
ME,Auburn,68763.18,0,0.0
ME,Bowdoin,164002.26,16,10454.66
ME,Brooklin,101443.56999999999,10,6193.13
ME,East Andover,93147.76,9,4851.28
ME,Freeport,6319.63,9,6319.63
ME,Kittery Point,49012.3,8,4161.55
ME,Newport,30542.19,13,6237.45
ME,Nobleboro,123280.53,14,5052.21
ME,Parsonsfield,122678.24,15,9454.74
ME,Scarborough,105524.95,11,5371.67
ME,Steuben,123890.17,0,0.0
ME,West Bethel,31547.9,6,3730.08
ME,Winthrop,28704.06,8,3931.3199999999997
MI,Afton,63523.23,0,0.0
MI,Arcadia,98145.21,7,6295.86
MI,Baroda,135962.28,0,0.0
MI,Bay City,36883.8,7,4795.46
MI,Cedar,94869.21,0,0.0
MI,Detroit,241561.16,26,11700.369999999999
MI,East China,3588.5,9,3588.5
MI,Elberta,191918.03,10,4186.11
MI,Elk Rapids,50631.83,0,0.0
MI,Falmouth,129638.95,11,7138.6900000000005
MI,Gaines,4831.61,8,4831.61
MI,Goodrich,275889.68,8,5272.1900000000005
MI,Lakeview,59204.85,8,4119.07
MI,Livonia,29594.88,0,0.0
MI,Luzerne,72526.18,15,8844.41
MI,Manistique,275930.63,4,855.73
MI,Mount Clemens,70590.74,11,3806.77
MI,Munith,129486.42,5,803.28
MI,Muskegon,146741.58,12,5639.58
MI,Oxford,111345.77,12,8626.29
MI,Pointe Aux Pins,196300.0,8,2335.5299999999997
MI,Republic,30268.27,8,4087.79
MI,Riverview,46610.43,15,5159.07
MI,Romulus,159819.61,10,5644.71
MI,Rumely,105047.05,11,7147.17
MI,Southfield,113588.93,0,0.0
MI,Warren,217250.14,23,11843.15
MI,Wetmore,190975.99,10,4290.74
MN,Afton,82578.61,9,4011.45
MN,Bigelow,35152.98,12,4472.91
MN,Collegeville,53053.08,9,5401.99
MN,Comfrey,133741.76,4,1915.21
MN,Emmons,34991.04,12,3728.91
MN,Georgetown,107501.79,0,0.0
MN,Halma,71158.15,11,5841.77
MN,Halstad,56911.06,0,0.0
MN,Hawley,115461.3,10,6149.469999999999
MN,Hills,35819.57,10,5439.66
MN,Hovland,79783.69,19,12011.59
MN,Isanti,3273.02,10,3273.02
MN,Lamberton,148374.33,0,0.0
MN,Lonsdale,104208.09,0,0.0
MN,Minneapolis,96048.42,19,9678.13
MN,Minnesota Lake,63491.1,7,2438.86
MN,Orr,105568.67,13,6627.06
MN,Randolph,28981.76,10,6707.96
MN,Ranier,211808.75,6,3745.15
MN,Remer,49153.96,0,0.0
MN,Saint Paul,191617.84,11,7052.84
MN,Sauk Rapids,60866.51,12,8967.46
MN,Stanchfield,138809.79,15,10705.82
MN,Watertown,68864.07,0,0.0
MN,Winger,124566.73,8,4285.13
MO,Arnold,110573.07,8,4903.0
MO,Ballwin,81234.47,0,0.0
MO,Blairstown,108026.64,0,0.0
MO,Brashear,41249.909999999996,13,8091.0199999999995
MO,Browning,100931.97,5,4073.18
MO,Camden,56944.93,0,0.0
MO,Cardwell,32249.83,5,2293.63
MO,Centerview,177763.42,11,5764.85
MO,Clarksville,32568.73,4,2119.9300000000003
MO,Independence,137561.26,11,3367.34
MO,Kansas City,181476.8,9,3408.86
MO,Kissee Mills,145935.23,9,5018.07
MO,Louisiana,36575.16,11,4564.98
MO,Luray,91263.85,0,0.0
MO,Matthews,95981.09,14,6170.21
MO,Meadville,204477.6,8,2922.38
MO,Mound City,126776.07,0,0.0
MO,Odessa,46818.29,0,0.0
MO,Owensville,22403.39,0,0.0
MO,Pleasant Hill,1348.53,8,1348.53
MO,Redford,155522.84,10,3972.23
MO,Rocky Mount,170856.34,8,4182.27
MO,Saint Louis,74507.14,8,4755.1900000000005
MO,Syracuse,33708.92,5,1697.88
MO,Unionville,80998.59,11,8490.47
MO,Utica,92072.04,12,2576.05
MO,Wappapello,6737.85,8,6737.85
MO,Wheaton,137597.22,0,0.0
MO,Williamsburg,53291.88,13,6634.18
MS,Bruce,3830.65,7,3830.65
MS,Coffeeville,117004.11,9,4573.82
MS,Duncan,64062.22,5,1917.1799999999998
MS,Florence,271661.15,3,955.9200000000001
MS,Heidelberg,65050.94,10,6345.9
MS,Jackson,25160.11,0,0.0
MS,Mayersville,189228.01,0,0.0
MS,Meadville,33222.23,0,0.0
MS,Moorhead,150914.97,0,0.0
MS,Moss Point,7131.84,10,7131.84
MS,Paris,37293.18,12,6215.03
MS,Pearlington,37183.15,15,8243.83
MS,Ridgeland,64291.24,0,0.0
MS,Sontag,130736.27,11,5893.76
MS,Sturgis,107945.85,7,5607.92
MS,Sunflower,30200.97,10,4170.4
MS,University,91702.69,16,8679.31
MT,Alder,103339.96,9,4847.68
MT,Belgrade,124324.86,0,0.0
MT,Boulder,35878.9,15,8100.37
MT,Bridger,196094.17,0,0.0
MT,Heart Butte,158245.1,0,0.0
MT,Sula,104220.94,8,3828.19
MT,Turner,92519.62,0,0.0
NC,Andrews,105418.35,10,3314.2000000000003
NC,Bailey,101850.14,8,3718.71
NC,Bolton,127339.91,12,6599.07
NC,Collettsville,151777.39,8,6088.33
NC,Creedmoor,184672.54,0,0.0
NC,Crouse,3023.4,8,3023.4
NC,Fayetteville,151125.8,12,7146.5199999999995
NC,Gibsonville,69801.54,7,4076.0
NC,Grimesland,104608.91,15,5078.91
NC,Grover,223866.0,0,0.0
NC,Haw River,152213.74,9,3111.64
NC,Mooresville,98652.62,8,4593.6
NC,Moravian Falls,177233.44,0,0.0
NC,Morven,4715.7300000000005,8,4715.7300000000005
NC,North Wilkesboro,211302.71,7,991.3799999999999
NC,Pelham,67651.48,0,0.0
NC,Pembroke,70452.96,7,4132.68
NC,Summerfield,33648.58,8,3253.51
NC,Walkertown,5113.92,11,5113.92
NC,Wilmington,285332.19,11,7473.07
ND,Christine,97101.83,9,2964.2200000000003
ND,Coleharbor,125572.94,6,3441.24
ND,Michigan,27836.329999999998,8,5432.82
ND,Noonan,120744.19,5,1914.44
ND,Palermo,156415.83,12,7726.16
ND,Reynolds,55381.0,0,0.0
ND,Rhame,89697.62,6,4020.3500000000004
ND,Shields,170000.95,11,8497.94
ND,Wilton,125721.42,0,0.0
NE,Brainard,37792.94,5,3219.42
NE,Campbell,101834.08,13,7909.08
NE,Carroll,104274.43,13,6245.03
NE,Fullerton,90214.94,14,7020.29
NE,Holstein,129854.37,9,6226.72
NE,Hooper,126459.16,0,0.0
NE,Howells,98531.7,11,5759.929999999999
NE,Hubbell,8431.93,19,8431.93
NE,Manley,101105.95,5,4323.23
NE,Nelson,73643.43000000001,14,9764.470000000001
NE,North Loup,123540.59,16,6434.22
NE,Omaha,39469.62,10,6833.95
NE,Ravenna,54451.96,11,6896.52
NE,Roseland,62451.65,6,3358.3
NE,Sprague,47073.26,0,0.0
NE,Sutherland,169807.22,0,0.0
NE,Valentine,38418.91,12,6985.43
NE,Weeping Water,64238.11,11,5249.969999999999
NE,Westerville,153552.58,11,5493.82
NH,Acworth,202428.03,13,9221.61
NH,Belmont,69899.01,0,0.0
NH,Center Tuftonboro,68540.26,8,3247.3
NH,Conway,90395.97,8,5312.33
NH,Grantham,69557.95,10,5348.36
NH,Jaffrey,32073.66,0,0.0
NH,Newton,40156.85,10,6236.58
NH,North Haverhill,39600.18,10,7208.15
NJ,Allenhurst,67455.97,5,2982.77
NJ,Boonton,62659.8,10,5270.96
NJ,Bridgeport,86154.81,11,5570.38
NJ,Elizabeth,159818.53,10,6599.49
NJ,Fairview,108255.85,12,9838.1
NJ,Greenwich,118863.79,7,4504.32
NJ,Harrington Park,104803.97,9,4992.57
NJ,Heislerville,66081.09,0,0.0
NJ,Iselin,33838.22,10,6878.36
NJ,Matawan,123996.64,7,4832.61
NJ,Monmouth Beach,132190.09,0,0.0
NJ,Ogdensburg,112762.0,15,7567.83
NJ,Plainfield,274019.88,14,4642.889999999999
NJ,Richland,48605.65,0,0.0
NJ,Stirling,95004.54,0,0.0
NJ,West Long Branch,39472.46,8,3028.35
NM,Albuquerque,82311.75,24,11722.84
NM,Crownpoint,72836.85,8,3893.4300000000003
NM,Espanola,150015.91,12,8445.41
NM,High Rolls Mountain Park,135038.51,11,7290.01
NM,Kirtland Afb,55138.7,0,0.0
NM,Lamy,33443.91,5,2740.58
NM,Llano,58259.94,0,0.0
NM,Loving,34208.98,0,0.0
NM,Moriarty,161994.27,8,5535.43
NM,Red River,153292.77,14,7101.53
NM,Ruidoso,66059.67,0,0.0
NV,Las Vegas,5314.88,8,5314.88
NV,North Las Vegas,38256.73,8,6104.83
NV,Reno,142060.63,15,6776.38
NV,Ruth,94724.45,4,1466.6200000000001
NV,Washoe Valley,36643.34,12,5130.77
NY,Albany,78008.79,20,12850.380000000001
NY,Allentown,72586.18,12,5332.4
NY,Altona,131795.24,12,6566.55
NY,Armonk,98422.99,11,7562.429999999999
NY,Barneveld,123069.42,7,3265.92
NY,Beacon,6462.6,11,6462.6
NY,Belfast,91514.55,6,3025.45
NY,Bellmore,230738.38,7,2810.0699999999997
NY,Big Indian,94313.47,11,5147.39
NY,Breesport,134883.93,7,2804.32
NY,Bronx,130675.94,8,3588.3500000000004
NY,Brooklyn,101672.31,10,7435.38
NY,Brownville,127371.96,15,4949.13
NY,Camden,69663.75,7,5841.79
NY,Chatham,43939.45,0,0.0
NY,Cottekill,178563.56,0,0.0
NY,Cowlesville,85420.46,9,3345.1600000000003
NY,De Lancey,39357.9,9,8335.41
NY,Downsville,64482.58,11,6352.62
NY,East Rochester,42992.96,10,7551.47
NY,Falconer,118440.17,0,0.0
NY,Farmington,104524.46,0,0.0
NY,Garrattsville,127686.6,14,9093.35
NY,Greenport,7323.65,10,7323.65
NY,Hannawa Falls,156000.51,14,5076.0
NY,Howes Cave,35781.0,15,9791.75
NY,Hudson,125374.08,8,3502.62
NY,Irvington,6197.95,8,6197.95
NY,Jefferson,100502.7,15,7097.64
NY,Jordanville,56258.21,14,3895.83
NY,Knowlesville,34512.39,11,6195.09
NY,Lowville,129606.83,13,5143.5199999999995
NY,Margaretville,147164.47,13,7507.18
NY,Medford,4539.62,9,4539.62
NY,Melville,10404.970000000001,15,10404.970000000001
NY,Montrose,65300.62,10,2915.42
NY,Moriches,40377.22,14,2512.96
NY,Mount Morris,107954.02,10,6694.69
NY,Mount Vernon,8564.29,11,8564.29
NY,Nanuet,6263.21,10,6263.21
NY,New York City,206962.99,23,13136.86
NY,Newark Valley,96364.3,7,5493.76
NY,North Tonawanda,99938.43,6,2741.07
NY,Northport,25032.79,0,0.0
NY,Oak Hill,151347.42,10,6032.76
NY,Oakdale,35056.43,7,4501.14
NY,Orangeburg,144848.6,11,3897.54
NY,Orient,35739.74,0,0.0
NY,Oriskany Falls,65178.73,0,0.0
NY,Palmyra,36718.81,7,2876.0699999999997
NY,Phelps,5764.55,11,5764.55
NY,Pomona,67901.35,0,0.0
NY,Port Ewen,100683.42,0,0.0
NY,Port Gibson,97643.75,0,0.0
NY,Rock Tavern,133746.9,12,7217.67
NY,Saint Bonaventure,199987.45,9,4224.349999999999
NY,Shelter Island,146123.59,11,4589.09
NY,South Richmond Hill,39215.53,11,5062.8
NY,Springfield Gardens,37908.9,9,5368.0599999999995
NY,Stittville,36598.72,6,3359.64
NY,Tupper Lake,254989.34,3,961.3000000000001
NY,West Chazy,34022.65,7,3736.01
NY,West Eaton,82117.88,0,0.0
NY,West Harrison,108938.77,0,0.0
NY,West Henrietta,96060.64,0,0.0
NY,West Sayville,237516.52,0,0.0
NY,Westhampton Beach,91377.44,8,639.41
OH,Akron,39798.32,0,0.0
OH,Amanda,126333.89,7,1923.9199999999998
OH,Amsterdam,75736.86,15,10562.21
OH,Arcadia,34279.95,11,5633.28
OH,Beaverdam,109295.91,12,7927.63
OH,Bethel,42110.65,3,369.26
OH,Bowersville,89016.68,13,5203.58
OH,Byesville,5098.57,12,5098.57
OH,Canton,68863.68,8,2894.71
OH,Clay Center,88514.24,0,0.0
OH,Creola,81897.43,7,1788.26
OH,Cuyahoga Falls,100466.21,8,5128.08
OH,Dayton,44727.13,7,3993.84
OH,Diamond,220389.63999999998,10,5697.84
OH,Fulton,143028.29,7,4098.719999999999
OH,Greenville,70766.39,11,5267.75
OH,Hinckley,296436.73,0,0.0
OH,Holloway,95104.77,0,0.0
OH,Ironton,34327.1,13,8519.550000000001
OH,Kirby,133147.97,14,7495.78
OH,Lima,92772.01,10,4501.2
OH,Lithopolis,39034.92,11,4557.03
OH,Mansfield,109289.95,11,6065.07
OH,Maria Stein,36324.93,0,0.0
OH,Miamisburg,72180.26,8,3695.62
OH,Milford,130379.62,16,10277.79
OH,Mount Perry,97951.02,11,6469.0599999999995
OH,Mount Saint Joseph,203267.53,12,6336.12
OH,Norwalk,36616.72,8,3776.84
OH,Norwich,59993.09,0,0.0
OH,Paulding,115361.47,9,6168.79
OH,Randolph,73024.94,15,8065.49
OH,Rosewood,35034.9,4,1906.01
OH,Thornville,32232.48,10,5460.83
OH,Warren,66986.42,10,6378.64
OH,Washington Court House,110189.95,8,4388.4
OH,Waynesfield,34866.97,8,2358.18
OH,Zaleski,151299.07,12,6911.93
OK,Achille,32485.1,13,5354.25
OK,Amorita,58673.630000000005,10,4598.08
OK,Burbank,102541.1,11,4387.67
OK,Burns Flat,59129.61,14,9645.79
OK,Clayton,139625.31,12,4841.57
OK,Coyle,83122.77,0,0.0
OK,Edmond,158570.9,0,0.0
OK,Lahoma,286487.59,16,9394.7
OK,Lane,31576.46,0,0.0
OK,Mounds,85660.79,12,6360.86
OK,Mountain Park,109728.53,8,2113.38
OK,Oklahoma City,72839.35,8,5126.0
OK,Roosevelt,112757.89,0,0.0
OK,Stillwater,76606.0,7,2861.5
OK,Thomas,79674.02,0,0.0
OK,Tryon,58879.42,5,1983.58
OK,Tulsa,241937.85,27,17470.25
OR,Athena,147127.38,8,4155.72
OR,Bay City,32295.89,15,6510.87
OR,Cascade Locks,124645.52,0,0.0
OR,Eugene,106027.95,12,6007.56
OR,Gardiner,100709.91,14,6358.2699999999995
OR,Jordan Valley,53662.05,11,7642.429999999999
OR,Kent,63569.79,13,5832.92
OR,La Grande,8789.74,12,8789.74
OR,Lake Oswego,137744.41,0,0.0
OR,Lowell,99718.87,15,7750.49
OR,Newberg,56340.33,0,0.0
OR,Portland,63451.69,0,0.0
OR,Powell Butte,31807.3,4,3018.4
OR,Scotts Mills,72423.1,13,7303.04
OR,Shedd,40345.98,9,4156.01
OR,Sixes,66808.57,11,6105.37
OR,Stayton,65509.08,0,0.0
OR,Westfir,38597.6,12,6588.84
PA,Allentown,102164.67,9,4909.61
PA,Armagh,149866.54,11,6004.24
PA,Atglen,74009.05,9,4894.13
PA,Beaver Falls,100054.53,24,12071.98
PA,Bolivar,101158.51,0,0.0
PA,Bristol,131671.12,0,0.0
PA,Chester Heights,103350.44,9,6200.42
PA,Clarion,4944.02,9,4944.02
PA,Clarks Mills,221146.62,0,0.0
PA,Clune,104248.19,13,8367.59
PA,Cochranton,144016.04,10,5270.849999999999
PA,Cokeburg,199199.35,9,5590.49
PA,Corsica,91934.36,12,7158.8099999999995
PA,Cressona,60659.69,0,0.0
PA,Dublin,36101.73,7,3471.2799999999997
PA,Dunlevy,134152.86,5,2406.52
PA,Emporium,69336.1,9,4444.360000000001
PA,Fenelton,202980.24,21,12571.88
PA,Glen Rock,66615.58,9,4945.62
PA,Grassflat,132072.19,4,1066.72
PA,Harborcreek,109473.41,11,6052.110000000001
PA,Harmony,32815.96,7,3355.34
PA,Irvine,56309.85,9,3613.5
PA,Jermyn,142197.15,14,3524.75
PA,Karns City,6121.54,7,6121.54
PA,Keisterville,130711.5,0,0.0
PA,Lawn,119384.81,11,3760.71
PA,Leetsdale,91754.31,0,0.0
PA,Manor,69209.21,12,7938.95
PA,Marienville,107119.88,7,3023.0299999999997
PA,Mc Clellandtown,32200.93,14,5647.75
PA,Mc Veytown,110733.85,16,8769.69
PA,Mifflin,126366.77,9,5940.51
PA,Mill Creek,85069.66,14,5113.66
PA,Montandon,145890.03,11,3570.8999999999996
PA,Morrisdale,202567.86,11,3506.23
PA,Nicholson,5523.45,9,5523.45
PA,North East,8265.83,9,8265.83
PA,North Washington,126031.57,5,3159.9300000000003
PA,Oaks,155379.37,11,6834.58
PA,Philadelphia,323846.45,6,1381.56
PA,Pittsburgh,114164.82,0,0.0
PA,Rock Glen,56960.19,14,8078.83
PA,Rockwood,68339.49,7,3824.6600000000003
PA,Schaefferstown,198108.02,9,8074.9
PA,Shippingport,204042.4,14,6418.21
PA,Skytop,36642.28,12,7698.71
PA,Smock,99940.77,10,5867.87
PA,Spring Church,104313.8,0,0.0
PA,Uledi,172868.53,0,0.0
PA,Utica,142051.23,8,4954.01
PA,Vanderbilt,60683.46,13,6385.89
PA,West Decatur,62874.97,8,3899.05
PA,West Finley,33364.35,0,0.0
RI,Providence,45066.67,15,10994.76
SC,Arcadia,127139.52,0,0.0
SC,Blackville,106809.54,9,3456.98
SC,Bradley,179368.37,0,0.0
SC,Brunson,137090.74,15,6367.59
SC,Cassatt,36230.07,8,3857.99
SC,Clifton,56561.51,14,4093.88
SC,Columbia,109741.88,12,8520.49
SC,Cross,55550.759999999995,9,3840.7799999999997
SC,Edisto Island,216379.45,10,5904.3099999999995
SC,Ehrhardt,29348.44,7,3977.0499999999997
SC,Hopkins,103382.59,10,5756.43
SC,Johns Island,121544.14,10,4475.35
SC,Marietta,37053.81,9,4096.66
SC,Monetta,32767.3,8,2627.41
SC,New Ellenton,89198.7,15,6861.17
SC,North Augusta,105640.2,12,7500.18
SC,Prosperity,88195.62,0,0.0
SC,Ridge Spring,6950.25,10,6950.25
SC,Scotia,123209.1,15,5147.0199999999995
SC,West Columbia,110211.85,9,7431.56
SC,Winnsboro,5007.6,11,5007.6
SD,Barnard,60812.64,0,0.0
SD,Belle Fourche,74960.89,12,9312.69
SD,Deadwood,96007.41,11,3972.17
SD,Ferney,55861.09,12,7886.889999999999
SD,Fulton,116015.27,4,1680.68
SD,Hurley,64549.63,11,3941.63
SD,Manderson,193805.47,8,4986.7
SD,Mc Intosh,50756.25,0,0.0
SD,Spencer,157789.09,16,7235.34
TN,Apison,34185.88,9,5856.45
TN,Benton,8511.91,12,8511.91
TN,Bethel Springs,69117.34,10,6408.12
TN,Chattanooga,4900.65,7,4900.65
TN,Clarksville,98095.73,10,1686.4
TN,Grand Junction,148142.75,0,0.0
TN,Heiskell,121059.43,7,4667.97
TN,Kingsport,87850.89,5,2367.2200000000003
TN,Knoxville,225139.35,12,4541.17
TN,Mountain City,7068.08,10,7068.08
TN,Murfreesboro,156983.7,7,3438.67
TN,Oakland,63416.409999999996,0,0.0
TN,Old Hickory,54186.16,14,6280.79
TN,Powell,92886.14,7,4882.860000000001
TN,Slayden,69346.22,11,5632.52
TN,Tiptonville,66855.58,8,3942.0200000000004
TN,Wartburg,5767.01,11,5767.01
TX,Aledo,65084.62,11,8390.26
TX,Altair,121176.89,8,3375.92
TX,Beasley,98183.65,9,5511.13
TX,Blooming Grove,142451.15,8,2697.58
TX,Bynum,30618.18,9,3268.85
TX,Camden,30576.82,0,0.0
TX,Cleveland,124081.92,11,7392.58
TX,Coleman,101960.86,9,6719.55
TX,Cross Plains,64885.16,9,6420.5199999999995
TX,Dallas,289409.9,27,19747.14
TX,Dell City,29663.27,0,0.0
TX,Desdemona,48899.14,0,0.0
TX,El Paso,35841.84,10,7590.63
TX,Falls City,73360.58,7,3409.86
TX,Gainesville,31983.1,8,2938.7
TX,Granbury,8350.56,12,8350.56
TX,Grandview,290478.49,3,1124.46
TX,Harper,187286.11,9,5995.19
TX,Hedley,58459.33,13,5526.49
TX,Holliday,134637.93,10,7461.66
TX,Houston,375265.49,39,21667.21
TX,Humble,69600.68,12,7859.09
TX,Karnack,105603.11,10,5140.7699999999995
TX,Keller,98852.12,8,5101.27
TX,Kilgore,135433.21,2,1013.48
TX,Lake Jackson,133290.41,16,9379.66
TX,Laredo,98078.93,7,2114.72
TX,Leonard,216981.43,0,0.0
TX,Lockhart,6038.89,9,6038.89
TX,Lolita,95228.85,15,7712.59
TX,Lorenzo,46891.42,0,0.0
TX,Lubbock,67378.83,0,0.0
TX,Marathon,126846.89,8,4586.89
TX,May,138146.56,4,1656.83
TX,Meridian,224174.34,13,3589.9700000000003
TX,Nazareth,197432.96,14,6292.69
TX,New Waverly,104238.63,11,7598.25
TX,Notrees,128767.34,6,2584.69
TX,O Brien,113131.52,14,6066.82
TX,Pecos,52042.76,6,1243.2099999999998
TX,Prairie Hill,132048.92,4,2860.83
TX,Purmela,96650.7,11,7604.110000000001
TX,Quanah,92856.2,8,4698.57
TX,Ratcliff,121737.63,0,0.0
TX,Roma,258282.59,12,2958.76
TX,Rule,96359.17,8,6889.81
TX,Sachse,159036.96,0,0.0
TX,San Angelo,36411.49,0,0.0
TX,San Antonio,322992.36,25,14536.75
TX,Sherman,231510.73,0,0.0
TX,Spring,31229.54,7,5349.87
TX,Sterling City,75713.26,12,6377.88
TX,Summerfield,147045.97,10,3901.07
TX,Thrall,169032.61,0,0.0
TX,Trenton,27677.16,0,0.0
TX,Tyler,193561.46,15,5060.650000000001
TX,Zavalla,107956.91,0,0.0
UT,Altonah,127636.62,14,5242.2
UT,American Fork,92577.19,8,2361.62
UT,Hatch,95594.78,9,5168.25
UT,Mendon,59244.61,9,3312.5099999999998
UT,Moab,80568.92,9,3830.84
UT,Thompson,184672.82,12,5309.21
UT,Woods Cross,48657.73,0,0.0
VA,Alexandria,63456.94,12,5238.11
VA,Arlington,93164.68,8,2565.46
VA,Atlantic,197223.88,14,7496.38
VA,Basye,113476.27,11,4328.47
VA,Burke,97973.69,0,0.0
VA,Catawba,125069.65,15,9926.97
VA,Damascus,32056.72,11,4137.67
VA,Doe Hill,191974.21,0,0.0
VA,Drakes Branch,139539.66,0,0.0
VA,Edinburg,71655.11,7,3894.46
VA,Etlan,46140.49,0,0.0
VA,Falls Church,89649.41,8,3009.9700000000003
VA,Ford,81863.49,0,0.0
VA,Glade Spring,57935.15,8,6918.27
VA,Greenbush,36160.38,0,0.0
VA,Hampton,45399.95,12,7436.82
VA,Hopewell,36251.340000000004,10,5002.200000000001
VA,Lebanon,93858.7,12,2645.31
VA,Manquin,42076.58,11,6683.76
VA,Mineral,7045.77,12,7045.77
VA,Norfolk,4008.75,7,4008.75
VA,Oakton,4908.57,9,4908.57
VA,Ruckersville,175029.62,12,5730.97
VA,Springfield,105795.17,11,6257.139999999999
VA,Timberville,116997.45,8,4569.93
VT,Brandon,232098.45,13,5591.78
VT,Graniteville,198115.34,14,10894.97
VT,Hinesburg,163214.11,15,7561.98
VT,South Hero,106948.32,13,9153.52
VT,South Londonderry,66286.01,6,3507.42
VT,West Hartford,199435.8,11,7762.530000000001
WA,Ashford,64567.24,12,4884.91
WA,Burbank,223854.66,7,1836.63
WA,Burlington,194213.18,8,2053.44
WA,Colton,61387.8,6,3430.48
WA,Conway,168068.03,9,4260.87
WA,Coulee Dam,6467.8099999999995,15,6467.8099999999995
WA,Issaquah,238545.08,0,0.0
WA,Monitor,37009.36,14,6534.0199999999995
WA,Orient,163466.44,0,0.0
WA,Seattle,6697.65,10,6697.65
WA,Tekoa,187818.27,15,7626.68
WA,Vancouver,44063.55,0,0.0
WI,Adams,30856.91,0,0.0
WI,Bagley,149752.48,10,3251.93
WI,Benton,31084.88,5,3740.0299999999997
WI,Boyd,46174.77,0,0.0
WI,Brookfield,5362.9,9,5362.9
WI,Bryant,51459.73,8,6149.34
WI,Cazenovia,139530.54,0,0.0
WI,Dalton,31507.27,8,3410.2999999999997
WI,East Troy,62763.73,11,8221.52
WI,Greendale,134821.33,7,1693.57
WI,Hewitt,184011.25,8,3090.61
WI,Marshall,4976.26,10,4976.26
WI,Milwaukee,73737.51,0,0.0
WI,New Franken,26607.79,0,0.0
WI,New Holstein,148181.73,7,4536.389999999999
WI,North Prairie,132074.09,12,5819.12
WI,Oconto Falls,128367.81999999999,12,8058.469999999999
WI,Saxon,192657.95,12,4207.6
WI,Seneca,100979.25,15,11061.27
WI,Tomahawk,72392.82,0,0.0
WI,Waukau,4693.06,10,4693.06
WI,Waukesha,65133.0,0,0.0
WI,Waupaca,100972.57,0,0.0
WI,Winter,67399.06,7,2795.66
WI,Wittenberg,38589.07,12,9040.71
WV,Cass,111329.77,15,7952.37
WV,Center Point,88274.34,11,2938.35
WV,Comfort,100024.71,14,8536.86
WV,Daniels,43715.5,12,8719.22
WV,Henderson,94533.46,8,5912.57
WV,Hurricane,179963.32,3,55.209999999999994
WV,Moundsville,225624.2,6,3040.66
WV,Premier,53862.05,10,5973.5599999999995
WV,Ronceverte,223440.82,3,512.13
WV,Shenandoah Junction,126453.25,13,10115.210000000001
WV,Tallmansville,123872.39,0,0.0
WV,Thomas,179584.45,14,6133.34
WV,Union,65383.83,11,6151.38
WV,White Sulphur Springs,50758.74,15,4975.58
WV,Winfield,152727.3,11,5305.88
WY,Alva,98893.77,9,4845.4400000000005
WY,Fort Washakie,269989.07,21,9019.73
WY,Freedom,143214.01,15,6808.530000000001
WY,Jelm,99945.62,11,3891.42
WY,Lagrange,50598.71,7,1309.99
WY,Laramie,180762.9,0,0.0
WY,Lonetree,107054.96,14,9141.3
WY,Manville,119840.66,0,0.0
WY,Riverton,119177.55,7,4957.01
WY,Rock Springs,240020.21,14,6349.68
WY,Yellowstone National Park,34303.02,12,7780.88
